{"GODS_PERSPECTIVE": true, "MAP_X": 16, "MAP_Y": 16, "NUM_UAV": 2, "INIT_POSITION": [[8.0, 8.0], [8.0, 8.0]], "OBSER_X": 80, "OBSER_Y": 80, "OBSER_C": 3, "BASE_STATION": [[8, 8]], "ACT_NUM": 3, "MAXDISTANCE": 1.0, "MIN_DISTANCE": 0.0001, "BORDER_VALUE": -1.0, "POWER_VALUE": -1.0, "BORDER_WIDTH": 4, "ENERGY": 40.0, "DELTA_ENERGY": 10.0, "MINI_ENEGY": 20.0, "DISTANCE_ENERGY_FACTOR": 0.1, "POI_ENERGY_FACTOR": 1.0, "MAX_VALUE": 1.0, "MIN_VALUE": 0.0, "COLLECTION_PROPORTION": 0.2, "RANGE": 1.1, "VISIT": 0.001, "OBSTACLE_PENALTY": -1.0, "LESS_ENEGY_PENALTY": -1.0, "DATA_REWARD": 1.0, "WASTE_STEP": -0.5, "NORMALIZE": 0.1, "EPSILON": 0.0001, "POWER_NUM": 2, "POWER": [[4, 12], [12, 10]], "MINI_ENERGY_RATIO": 0.0, "REWARD_POW_RATIO": 1.2, "PoI": [[0.0733642578, 0.26953125, 0.281494141], [0.895019531, 0.973632812, 0.292480469], [0.5, 0.269775391, 0.578613281], [0.256591797, 0.940917969, 0.186279297], [0.530273438, 0.45703125, 0.390380859], [0.330322266, 0.319580078, 0.203979492], [0.123413086, 0.0688476562, 0.776367188], [0.0102767944, 0.999023438, 0.834472656], [0.666015625, 0.68359375, 0.268310547], [0.875488281, 0.519042969, 0.921386719], [0.689941406, 0.140991211, 0.258300781], [0.475585938, 0.92578125, 0.691894531], [0.0616455078, 0.0271911621, 0.336914062], [0.0619506836, 0.825683594, 0.384033203], [0.6015625, 0.192749023, 0.55859375], [0.674804688, 0.732910156, 0.362060547], [0.538574219, 0.676757812, 0.0143356323], [0.876953125, 0.798339844, 0.441650391], [0.870605469, 0.206176758, 0.476074219], [0.547363281, 0.202026367, 0.669921875], [0.803222656, 0.240234375, 0.581542969], [0.987792969, 0.0149917603, 0.0950336456], [0.452148438, 0.166625977, 0.969238281], [0.127441406, 0.00705337524, 0.14453125], [0.300537109, 0.823730469, 0.895996094], [0.309326172, 0.925292969, 0.889160156], [0.448486328, 0.497802734, 0.2109375], [0.392089844, 0.0518188477, 0.369140625], [0.0715942383, 0.782714844, 0.321044922], [0.825683594, 0.638671875, 0.376220703], [0.836914062, 0.709472656, 0.28125], [0.9453125, 0.815917969, 0.789550781], [0.24206543, 0.584472656, 0.902832031], [0.934082031, 0.172241211, 0.370849609], [0.354736328, 0.490234375, 0.987304688], [0.350585938, 0.126586914, 0.350585938], [0.367675781, 0.457763672, 0.213378906], [0.350097656, 0.502441406, 0.324951172], [0.912597656, 0.0850219727, 0.212280273], [0.803222656, 0.537597656, 0.159423828], [0.946289062, 0.602050781, 0.234985352], [0.337646484, 0.0094909668, 0.997070312], [0.385498047, 0.594726562, 0.0181427002], [0.970214844, 0.764648438, 0.493652344], [0.606933594, 0.190673828, 0.0524902344], [0.0798339844, 0.451660156, 0.646484375], [0.664550781, 0.471679688, 0.891113281], [0.0195770264, 0.850585938, 0.879394531], [0.68359375, 0.0307006836, 0.987304688], [0.970703125, 0.0796508789, 0.667480469], [0.752929688, 0.140380859, 0.269775391], [0.569824219, 0.83203125, 0.864257812], [0.0637817383, 0.197143555, 0.238769531], [0.771484375, 0.225708008, 0.0858764648], [0.744628906, 0.501953125, 0.451904297], [0.937988281, 0.622558594, 0.870117188], [0.526855469, 0.606933594, 0.47265625], [0.854980469, 0.850585938, 0.8125], [0.650878906, 0.657714844, 0.210449219], [0.80859375, 0.740722656, 0.278808594], [0.0927734375, 0.513183594, 0.523925781], [0.351806641, 0.997070312, 0.0585327148], [0.428955078, 0.854003906, 0.502929688], [0.623046875, 0.621582031, 0.51171875], [0.146362305, 0.0322265625, 0.21472168], [0.277587891, 0.543945312, 0.475097656], [0.647460938, 0.601074219, 0.217651367], [0.726074219, 0.305175781, 0.201904297], [0.989257812, 0.391113281, 0.0516967773], [0.14453125, 0.356201172, 0.653320312], [0.328613281, 0.0226898193, 0.579589844], [0.128295898, 0.281982422, 0.555664062], [0.754394531, 0.395751953, 0.158203125], [0.00508499146, 0.0956420898, 0.145751953], [0.280517578, 0.245483398, 0.968261719], [0.614257812, 0.558105469, 0.99609375], [0.823242188, 0.962890625, 0.5078125], [0.318603516, 0.528808594, 0.66015625], [0.775390625, 0.406494141, 0.983886719], [0.804199219, 0.216674805, 0.663085938], [0.0667114258, 0.0515441895, 0.76953125], [0.419433594, 0.365478516, 0.698730469], [0.494140625, 0.0850219727, 0.694824219], [0.636230469, 0.124145508, 0.536132812], [0.6640625, 0.407958984, 0.65625], [0.774902344, 0.801269531, 0.756835938], [0.346679688, 0.514648438, 0.189575195], [0.205322266, 0.316894531, 0.340576172], [0.524902344, 0.00685501099, 0.266601562], [0.233276367, 0.770996094, 0.994140625], [0.528808594, 0.314208984, 0.860839844], [0.137084961, 0.977050781, 0.605957031], [0.754882812, 0.938964844, 0.948242188], [0.538085938, 0.0328674316, 0.604003906], [0.800292969, 0.902832031, 0.409912109], [0.688964844, 0.145996094, 0.525390625], [0.954589844, 0.443359375, 0.0399780273], [0.0743408203, 0.723632812, 0.920410156], [0.780273438, 0.644042969, 0.0151596069], [0.542480469, 0.0846557617, 0.0481262207], [0.250732422, 0.539550781, 0.681152344], [0.136230469, 0.0408630371, 0.701660156], [0.625488281, 0.960449219, 0.0490722656], [0.314208984, 0.543945312, 0.424072266], [0.253173828, 0.902832031, 0.440917969], [0.102783203, 0.494628906, 0.153198242], [0.278076172, 0.203735352, 0.265625], [0.838867188, 0.537597656, 0.0307617188], [0.0491638184, 0.51953125, 0.607910156], [0.447509766, 0.00169372559, 0.480712891], [0.584472656, 0.307861328, 0.844238281], [0.979492188, 0.803222656, 0.720703125], [0.140014648, 0.545898438, 0.752929688], [0.814941406, 0.198608398, 0.680175781], [0.700195312, 0.0078125, 0.294189453], [0.782226562, 0.659179688, 0.901855469], [0.502929688, 0.5546875, 0.996582031], [0.327636719, 0.503417969, 0.296142578], [0.720214844, 0.251220703, 0.877441406], [0.937988281, 0.342529297, 0.268554688], [0.946777344, 0.813476562, 0.430664062], [0.17956543, 0.0076713562, 0.856933594], [0.637695312, 0.958496094, 0.96875], [0.466552734, 0.22277832, 0.578613281], [0.994628906, 0.346679688, 0.396728516], [0.7421875, 0.686523438, 0.422851562], [0.424072266, 0.341552734, 0.634277344], [0.758300781, 0.400146484, 0.992675781], [0.100463867, 0.752441406, 0.896972656], [0.221435547, 0.00453948975, 0.700683594], [0.159179688, 0.356933594, 0.37109375], [0.975585938, 0.782226562, 0.144287109], [0.197021484, 0.0202178955, 0.255859375], [0.0222473145, 0.482177734, 0.726074219], [0.856445312, 0.343505859, 0.472167969], [0.941894531, 0.456054688, 0.166503906], [0.20324707, 0.899414062, 0.9609375], [0.768066406, 0.676757812, 0.568359375], [0.55078125, 0.430175781, 0.483398438], [0.886230469, 0.458007812, 0.102050781], [0.796875, 0.296142578, 0.721191406], [0.200683594, 0.711914062, 0.291748047], [0.401611328, 0.570800781, 0.874023438], [0.942382812, 0.916992188, 0.676757812], [0.43359375, 0.140258789, 0.836914062], [0.309814453, 0.240966797, 0.559082031], [0.571289062, 0.816894531, 0.878417969], [0.539550781, 0.443847656, 0.995117188], [0.249145508, 0.894042969, 0.872070312], [0.573730469, 0.472412109, 0.666992188], [0.64453125, 0.650390625, 0.958984375], [0.436035156, 0.952148438, 0.822265625], [0.197265625, 0.488525391, 0.181152344], [0.64453125, 0.94140625, 0.284912109], [0.919433594, 0.414306641, 0.168457031], [0.889160156, 0.833496094, 0.852050781], [0.500488281, 0.239013672, 0.178588867], [0.931152344, 0.751953125, 0.645019531], [0.985839844, 0.889648438, 0.742675781], [0.787109375, 0.616699219, 0.225952148], [0.909179688, 0.162597656, 0.776855469], [0.966796875, 0.204833984, 0.0941772461], [0.328613281, 0.763183594, 0.140380859], [0.614746094, 0.826660156, 0.344238281], [0.136962891, 0.534179688, 0.028427124], [0.302978516, 0.928710938, 0.376464844], [0.622070312, 0.833007812, 0.869628906], [0.718261719, 0.203369141, 0.960449219], [0.269775391, 0.686035156, 0.748046875], [0.423095703, 0.895996094, 0.00503921509], [0.861328125, 0.387939453, 0.407714844], [0.115234375, 0.813964844, 0.551269531], [0.508300781, 0.302490234, 0.399169922], [0.0512695312, 0.516601562, 0.735351562], [0.718261719, 0.9921875, 0.940429688], [0.906738281, 0.9296875, 0.318603516], [0.737792969, 0.726074219, 0.836425781], [0.0118103027, 